{
  "Agent-Based-Framework": {
    "topic": "results",
    "timestepping": 0.1,
    "max_time": 50,
    "dimensions": 3,
    "use_interactions": true,
    "stopping_criteria": ["FirstPassageTime"],
    "Sites": [
      {
        "identifier": "cs1",
        "boundary_condition": "ReflectingBoundaries",
        "NeighbourhoodLocator": {
          "type": "BalloonListNHLocator"
        },
        "type": "CuboidSite",
        "CuboidSite": {
          "x_range": [
            -150.0,
            150.0
          ],
          "y_range": [
            -150.0,
            150.0
          ],
          "z_range": [
            -10.0,
            10.0
          ]
        },
        "AgentManager": {
          "Types": ["FungalCellHyphalGrowth"],
          "Agents": {
            "FungalCellHyphalGrowth": {
              "type": "FungalCellHyphalGrowth",
              "initial_distribution": 0,
              "hyphal_growth": true,
              "number": 3,
              "Morphology": {
                "color": "random",
                "SphericalMorphology": {
                  "radius": 1.25,
                  "stddev": 0.0
                }
              },
              "Cell States": {
                "InitialCellState": {
                  "next_states": {
                    "FungusResting": {
                      "rate": "FungusResting"
                    }
                  }
                },
                "FungusResting": {
                  "next_states": {
                    "FungusSwelling": {
                      "rate": "FungusSwelling"
                    }
                  }
                },
                "FungusSwelling": {
                  "next_states": {
                    "FungusHyphal": {
                      "rate": "FungusHyphal"
                    }
                  }
                },
                "FungusHyphal": {},
                "FungusPhagocytosed": {},
                "Death": {}
              }
            }
          }
        }
      }
    ]
  }
}
