{
  "Agent-Based-Framework": {
    "activated": false,
    "output_interval": 10,
    "camera-position": [0, 0, 1000],
    "camera-look_at": [0, 0, 0],
    "camera-angle": 23.0,
    "includeTimestamp": true,
    "outputVideo": false,
    "pxWidth": "800",
    "pxHeight": "800",
    "path_style_transfer": "/home/csaffer/datana/bin/python /home/csaffer/Software/GAN_Style_Transfer/convertToMicroscopy.py",
    "runId": 1,
    "zStacksOn": false,
    "zStackStart": -20,
    "zStackEnd": 20,
    "zStacksDepth": 1.0,
    "Lightsources": {
      "pos1": [0, 0, 3000],
      "pos2": [0, 3000, 0],
      "pos3": [500, 500, 500],
      "pos4": [-500, 500, -500],
      "pos5": [-500, -500, -500]
    }
  }
}