{
  "frontend-api": {
    "simulation_parameter": {
      "max_time": {
        "value": 20,
        "min": 1,
        "max": 500,
        "step": 1,
        "description": "Duration of the simulation in minutes (timestep is dt=0.1 min)"
      },
      "output_images": {
        "value": 2,
        "min": 0,
        "max": 50,
        "step": 1,
        "description": "Number of images that are generated. Set to 0 if no images should be generated."
      },
      "dimensions": {
        "value": 2,
        "min": 2,
        "max": 3,
        "step": 1,
        "description": "Dimensions the cells can move"
      },
      "surface": {
        "value": "plane",
        "description": "Surface type (Options: plane (default), sinus, quadratic)"
      },
      "include_microscopic_style_transfer": {
        "value": false,
        "description": "Whether to generate microscopic style transfer on output images"
      }
    },
    "hyphal_growth_general": {
      "number_initial_cells": {
        "value": 10,
        "min": 1,
        "max": 1000,
        "step": 1,
        "description": "Number of initial fungal cells in the hyphal growth simulation"
      },
      "fungus_radius": {
        "value": 1.25,
        "min": 0.1,
        "max": 5,
        "step": 0.1,
        "description": "Radius of the fungal cells"
      },
      "next_hyphae_rate": {
        "value": 0.003,
        "min": 0.0,
        "max": 0.5,
        "step": 0.00001,
        "description": "Rate at which a new branch grow out of fungal mothercell"
      },
      "use_different_colors": {
        "value": true,
        "description": "Whether to use different colors for different hyphae tips"
      }
    },
    "curvature": {
      "next_curve_mean": {
        "value": 1.0,
        "min": 0.1,
        "max": 100,
        "step": 0.1,
        "description": "Mean distance in µm after a new curve is drawn"
      },
      "angle_mean": {
        "value": 0.11,
        "min": 0.0,
        "max": 1.0,
        "step": 0.01,
        "description": "Mean angle in radians for a new curve"
      }
    },
    "branching": {
      "next_branch_mean": {
        "value": 50,
        "min": 10,
        "max": 1000,
        "step": 1,
        "description": "Mean distance in µm after a new branch grows"
      },
      "angle_mean": {
        "value": 1.147,
        "min": 0.1,
        "max": 2.0,
        "step": 0.01,
        "description": "Mean angle in radians for a new branch"
      },
      "depth_dependency": {
        "value": 20,
        "min": 0,
        "max": 100,
        "step": 1,
        "description": "Per higher branching level, the next branch distance parameter increase about this value"
      }
    },
    "growth": {
      "k1": {
        "value": 2.8,
        "min": 0.1,
        "max": 50,
        "step": 0.1,
        "description": "K1 parameter of the growth function that controls the growth at the tip"
      },
      "k2": {
        "value": 1.2,
        "min": 0.1,
        "max": 50,
        "step": 0.1,
        "description": "K1 parameter of the growth function that controls the growth of the branch"
      },
      "sat_length": {
        "value": 5.0,
        "min": 0.1,
        "max": 500,
        "step": 0.1,
        "description": "Parameter that says at which length K2 impact saturates"
      }
    }
  }
}