{
  "hyphal-growth": {
    "hyphal_growth_general": {
      "next_hyphae_rate": 0.0,
      "pierce_rate": 0.0002130556191,
      "evasion": 1
    },
    "curvature": {
      "next_curve_mean": 1.0,
      "angle_mean": 0.05
    },
    "branching": {
      "next_branch_mean": 74.0,
      "angle_mean": 86.89,
      "angle_std": 32.68,
      "depth_dependency": 26.0,
      "branch_delay": 60,
      "apical_branch_probability": 1.0,
      "symmetry_probability": 1.0
    },
    "growth": {
      "k1": 0.38,
      "k2": 0.08,
      "sat_length": 5.0
    }
  }
}