{
  "Agent-Based-Framework": {
    "topic": "results",
    "timestepping": 0.1,
    "max_time": 600,
    "dimensions": 3,
    "use_interactions": true,
    "stopping_criteria": ["FirstPassageTime"],
    "Sites": [
      {
        "upper_lower_distance": 53.0,
        "identifier": "cs1",
        "boundary_condition": "ReflectingBoundaries",
        "surface": "randomSurface",
        "grid_step_size": 5,
        "interpolation_type": "bicubic",
        "NeighbourhoodLocator": {
          "type": "BalloonListNHLocator"
        },
        "type": "CuboidSite",
        "CuboidSite": {
          "x_range": [
            -350.0,
            575.0
          ],
          "y_range": [
            -350.0,
            575.0
          ],
          "z_range": [
            -60.0,
            60.0
          ]
        },
        "AgentManager": {
          "Types": ["FungalCellHyphalGrowth"],
          "Agents": {
            "FungalCellHyphalGrowth": {
              "type": "FungalCellHyphalGrowth",
              "initial_distribution": 0,
              "hyphal_growth": true,
              "number": 32,
              "Morphology": {
                "color": "red",
                "SphericalMorphology": {
                  "radius": 1.88636363,
                  "stddev": 0.0
                }
              },
              "Cell States": {
                "InitialCellState": {
                  "next_states": {
                    "FungalResting": {
                      "rate": "FungalResting"
                    }
                  }
                },
                "FungalResting": {
                  "next_states": {
                    "FungalSwelling": {
                      "rate": "FungalSwelling"
                    }
                  }
                },
                "FungalSwelling": {
                  "next_states": {
                    "FungalHyphal": {
                      "rate": "FungalHyphal"
                    }
                  }
                },
                "FungalHyphal": {},
                "FungalPhagocytosed": {},
                "Death": {}
              }
            }
          }
        }
      }
    ]
  }
}
