{
  "Agent-Based-Framework": {
    "activated": false,
    "output_interval": 10000,
    "camera-position": [0, 0, 2000],
    "camera-look_at": [0, 0, 0],
    "camera-angle": 23.0,
    "includeTimestamp": true,
    "outputVideo": false,
    "visualize_depth": false,
    "visualize_surface": false,
    "visualize_lower_surface": false,
    "visualize_grid": false,
    "surface_color": [253, 192, 134],
    "render_quality": 9,
    "pxWidth": "2476",
    "pxHeight": "1987",
    "path_style_transfer": "",
    "runId": 1,
    "zStacksOn": false,
    "zStackStart": -20,
    "zStackEnd": 20,
    "zStacksDepth": 1.0,
    "Lightsources": {
      "pos1": [0, 0, 3000],
      "pos2": [0, 3000, 0],
      "pos3": [500, 500, 500],
      "pos4": [-500, 500, -500],
      "pos5": [-500, -500, -500]
    }
  }
}