{
  "frontend-api": {
    "simulation_parameter": {
      "title": {
        "value": "Basic"
      },
      "max_time": {
        "value": 20,
        "min": 1,
        "max": 1000,
        "step": 1,
        "description": "Duration of the simulation in minutes (timestep is dt=0.1 min)"
      },
      "output_images": {
        "value": 2,
        "min": 1,
        "max": 1000,
        "step": 1,
        "description": "Number of images that are generated"
      },
      "dimensions": {
        "value": 2,
        "min": 2,
        "max": 3,
        "step": 1,
        "description": "Dimensions the cells can move"
      }
    },
    "fungal_cell": {
      "number": {
        "value": 10,
        "min": 1,
        "max": 100,
        "step": 1,
        "description": "Number of initial fungal cells in the simulation"
      },
      "radius": {
        "value": 1.25,
        "min": 0.1,
        "max": 5,
        "step": 0.1,
        "description": "Radius of the fungal cells"
      },
      "use_different_colors": {
        "value": true,
        "description": "Whether to use different colors for different fungal cells"
      }
    },
    "immune_cell": {
      "number": {
        "value": 10,
        "min": 1,
        "max": 100,
        "step": 1,
        "description": "Number of initial immune cells in the simulation"
      },
      "radius": {
        "value": 1.25,
        "min": 0.1,
        "max": 5,
        "step": 0.1,
        "description": "Radius of the immune cells"
      },
      "speed": {
        "value": 4,
        "min": 0.0,
        "max": 10,
        "step": 0.1,
        "description": "Speed of immune cell in Persistence Random Walk"
      },
      "persistence_time": {
        "value": 1,
        "min": 0.1,
        "max": 10,
        "step": 0.1,
        "description": "Persistence time of immune cell in Persistence Random Walk"
      },
      "use_different_colors": {
        "value": false,
        "description": "Whether to use different colors for different immune cells"
      }
    }
  }
}